"# Sensor Luktvassvegen, Mosj√∏en - Mussere, Norway (Citizen Science project sensor.community/82574)"
# https://aqicn.org/station/@411634/
# Daily pm25
"date,min,max,median,q1,q3,stdev,count"
"2023-08-15T00:00:00.000Z,1.65,134.15,2.2,2.02,2.35,11.295,150"
"2023-08-16T00:00:00.000Z,0.6,3.9,1.9,1.52,2.22,0.524,585"
"2023-08-17T00:00:00.000Z,0.85,3.63,1.5,1.3,1.7,0.318,584"
"2023-08-18T00:00:00.000Z,1.2,2.67,1.6,1.5,1.8,0.228,576"
"2023-08-19T00:00:00.000Z,1,2.35,1.4,1.3,1.6,0.225,570"
"2023-08-20T00:00:00.000Z,0.82,2.92,1.5,1.3,1.9,0.408,565"
"2023-08-21T00:00:00.000Z,0.6,3.65,1.51,1.1,1.98,0.562,564"
"2023-08-22T00:00:00.000Z,0.75,6.9,1.5,1.27,2,1.357,571"
"2023-08-23T00:00:00.000Z,0.68,3.9,1.35,1.2,1.52,0.315,569"
"2023-08-24T00:00:00.000Z,0.82,6.47,1.5,1.2,2.29,1.148,580"
"2023-08-25T00:00:00.000Z,1.23,4.72,2.04,1.75,2.45,0.51,571"
"2023-08-26T00:00:00.000Z,1.17,3.22,2,1.7,2.27,0.392,571"
"2023-08-27T00:00:00.000Z,1.58,3.42,2.2,2.04,2.4,0.27,542"
"2023-08-28T00:00:00.000Z,0,3.88,1.73,1.58,1.95,0.476,559"
"2023-08-29T00:00:00.000Z,0,7.22,0.52,0.2,1.3,0.645,579"
"2023-08-30T00:00:00.000Z,0.77,5.72,1.42,1.25,1.65,0.433,572"
"2023-08-31T00:00:00.000Z,1,4.82,1.75,1.5,1.98,0.409,414"
"2023-09-01T00:00:00.000Z,1.1,6.63,2.02,1.73,2.97,0.818,570"
"2023-09-02T00:00:00.000Z,0.55,3.08,1.83,1.4,2.15,0.479,551"
"2023-09-03T00:00:00.000Z,0.1,3.85,1.5,1.2,1.7,0.452,575"
"2023-09-04T00:00:00.000Z,0.8,4.2,2.15,1.7,2.5,0.567,571"
"2023-09-05T00:00:00.000Z,0.4,3.75,1.8,1.5,2.2,0.526,550"
"2023-09-06T00:00:00.000Z,0.73,4.09,2,1.55,2.35,0.553,530"
"2023-09-07T00:00:00.000Z,0.9,6.95,1.98,1.73,2.38,0.518,549"
"2023-09-08T00:00:00.000Z,0.77,11.4,3.5,1.9,5.22,2.212,575"
"2023-09-09T00:00:00.000Z,2.33,10.93,5.5,3.9,6.97,1.993,471"
"2023-09-10T00:00:00.000Z,0.2,8.98,1.7,1.5,1.97,1.085,573"
"2023-09-18T00:00:00.000Z,0.47,7.82,1.1,0.85,1.42,0.599,562"
"2023-09-19T00:00:00.000Z,0,1.83,0.8,0.45,1.14,0.409,543"
"2023-09-20T00:00:00.000Z,0,1.75,0.1,0.08,0.2,0.191,545"
"2023-09-21T00:00:00.000Z,0,12.3,0.25,0.1,0.8,0.95,582"
"2023-09-22T00:00:00.000Z,0.4,6.43,1.17,0.92,1.6,0.694,572"
"2023-09-23T00:00:00.000Z,0.45,5.72,1.2,1,1.77,0.772,581"
"2023-09-24T00:00:00.000Z,0,3.42,1.12,0.47,1.59,0.803,568"
"2023-09-25T00:00:00.000Z,0.75,4.97,2.22,1.9,2.54,0.531,579"
"2023-09-26T00:00:00.000Z,0.7,5.9,2.15,1.67,2.58,0.696,558"
"2023-09-27T00:00:00.000Z,0.9,13.7,2,1.8,2.29,0.869,560"
"2023-09-28T00:00:00.000Z,0.38,5.75,1.45,1.1,1.73,0.605,584"
"2023-09-29T00:00:00.000Z,0.63,7.2,1.4,1.08,2.1,0.719,583"
"2023-09-30T00:00:00.000Z,0,6.93,2.1,1,2.47,0.956,575"
"2023-10-01T00:00:00.000Z,0.2,2.27,0.95,0.75,1.1,0.293,527"
"2023-10-02T00:00:00.000Z,0.2,3.42,1.12,0.88,1.3,0.368,536"
"2023-10-03T00:00:00.000Z,0.1,4.28,0.75,0.47,1.1,0.495,570"
"2023-10-04T00:00:00.000Z,0,5.15,1.25,0.9,1.5,0.524,567"
"2023-10-05T00:00:00.000Z,0.17,3.17,0.85,0.65,1.05,0.327,562"
"2023-10-06T00:00:00.000Z,0.25,8.52,1.08,0.85,1.4,0.56,554"
"2023-10-07T00:00:00.000Z,0.03,3.42,0.8,0.6,1,0.342,564"
"2023-10-08T00:00:00.000Z,0,3.45,0.93,0.59,1.29,0.568,564"
"2023-10-09T00:00:00.000Z,0.32,25.23,1,0.77,1.51,1.181,540"
"2023-10-10T00:00:00.000Z,0.2,3.63,1,0.79,1.33,0.46,540"
"2023-10-11T00:00:00.000Z,0,2.47,0.75,0.5,1.08,0.437,558"
"2023-10-12T00:00:00.000Z,0.15,3.4,0.93,0.63,1.2,0.455,557"
"2023-10-13T00:00:00.000Z,0.08,2.17,1.01,0.82,1.23,0.378,554"
"2023-10-14T00:00:00.000Z,0,1.8,0.3,0.2,0.5,0.303,552"
"2023-10-15T00:00:00.000Z,0.25,13.2,1.08,0.85,1.3,0.773,569"
"2023-10-16T00:00:00.000Z,0.15,39.17,1.02,0.8,1.3,2.442,556"
"2023-10-17T00:00:00.000Z,0.15,13.77,0.93,0.7,1.35,0.813,555"
"2023-10-18T00:00:00.000Z,0.45,5.82,1.65,1.1,2.22,0.809,538"
"2023-10-19T00:00:00.000Z,0.38,6.4,1.23,1.02,1.5,0.637,555"
"2023-10-20T00:00:00.000Z,0.17,3.75,1.02,0.7,1.35,0.548,577"
"2023-10-21T00:00:00.000Z,0.1,13.23,1.64,0.77,2.2,1.249,582"
"2023-10-22T00:00:00.000Z,0.6,4.78,1.42,1.17,1.7,0.391,573"
"2023-10-23T00:00:00.000Z,0.82,8.88,1.52,1.33,1.8,0.654,585"
"2023-10-24T00:00:00.000Z,0.63,5.28,1.27,1.1,1.5,0.436,576"
"2023-10-25T00:00:00.000Z,0.68,2.78,1.33,1.2,1.6,0.317,577"
"2023-10-26T00:00:00.000Z,0.22,7.13,1,0.73,1.2,0.427,576"
"2023-10-27T00:00:00.000Z,0.13,36.22,0.97,0.73,1.2,1.568,578"
"2023-10-28T00:00:00.000Z,0.35,3.15,1.1,0.9,1.33,0.416,586"
"2023-10-29T00:00:00.000Z,0.25,31.75,1.5,1,2.02,1.503,570"
"2023-10-30T00:00:00.000Z,0.05,3.17,0.52,0.39,0.73,0.355,584"
"2023-10-31T00:00:00.000Z,0.05,16.05,1.05,0.55,1.8,1.387,581"
"2023-11-01T00:00:00.000Z,0.2,5.88,1.21,0.9,1.55,0.591,494"
"2023-11-02T00:00:00.000Z,0.1,6.4,0.68,0.47,1,0.498,528"
"2023-11-03T00:00:00.000Z,0.1,2.65,0.8,0.5,1.1,0.42,581"
"2023-11-04T00:00:00.000Z,0.1,2.22,0.5,0.38,0.68,0.235,587"
"2023-11-05T00:00:00.000Z,0.03,3.9,0.5,0.3,0.88,0.481,584"
"2023-11-06T00:00:00.000Z,0.22,5.95,1.14,0.7,1.95,0.771,571"
"2023-11-07T00:00:00.000Z,0.98,28.02,2.2,1.7,2.65,1.305,568"
"2023-11-08T00:00:00.000Z,1.23,54.65,2.1,1.9,2.47,2.359,579"
"2023-11-09T00:00:00.000Z,0.65,9.32,1.6,1.25,1.95,0.921,402"
"2023-11-18T00:00:00.000Z,0.5,1.73,0.98,0.8,1.12,0.23,102"
"2023-11-19T00:00:00.000Z,0.17,3.55,0.88,0.6,1.23,0.497,577"
"2023-11-20T00:00:00.000Z,0,4.55,1,0.5,1.6,0.75,577"
"2023-11-21T00:00:00.000Z,0.1,4.09,0.82,0.55,1.23,0.533,574"
"2023-11-22T00:00:00.000Z,0,7.07,0.6,0.4,0.77,0.427,584"
"2023-11-23T00:00:00.000Z,0,2.97,1.2,0.8,1.6,0.516,584"
"2023-11-24T00:00:00.000Z,0.22,8.44,1.42,1,2.17,1.004,404"
"2023-11-25T00:00:00.000Z,0.1,4.34,0.85,0.6,1.17,0.523,579"
"2023-11-26T00:00:00.000Z,0,4.53,0.65,0.32,1.02,0.629,577"
"2023-11-27T00:00:00.000Z,0,3.95,0.73,0.4,1.14,0.551,583"
"2023-11-28T00:00:00.000Z,0.1,7.55,1.33,0.63,2.08,1.081,586"
"2023-11-29T00:00:00.000Z,0.73,2.97,1.75,1.45,2,0.392,586"
"2023-11-30T00:00:00.000Z,0.5,9.75,1.6,1.38,1.9,0.556,587"
"2023-12-01T00:00:00.000Z,0.13,5.53,1.12,0.8,1.52,0.603,577"
"2023-12-02T00:00:00.000Z,0.03,3.92,0.68,0.43,1.05,0.569,524"
"2023-12-03T00:00:00.000Z,0,5.15,0.51,0.3,0.88,0.5,586"
"2023-12-04T00:00:00.000Z,0,3.58,0.75,0.38,1.2,0.599,586"
"2023-12-05T00:00:00.000Z,0.43,7.8,1.45,1.14,1.7,0.631,577"
"2023-12-06T00:00:00.000Z,0.45,3.65,1.2,1,1.42,0.385,585"
"2023-12-07T00:00:00.000Z,0.2,3.28,0.73,0.6,0.9,0.366,584"
"2023-12-08T00:00:00.000Z,0.1,5.4,1,0.63,1.6,0.634,582"
"2023-12-09T00:00:00.000Z,0.22,2.9,0.9,0.7,1.12,0.332,585"
"2023-12-10T00:00:00.000Z,0.6,2.6,1.3,1.12,1.52,0.32,587"
"2023-12-11T00:00:00.000Z,0.32,3.83,1.58,1.23,1.9,0.519,582"
"2023-12-12T00:00:00.000Z,0.63,2.9,1.48,1.23,1.73,0.392,577"
"2023-12-13T00:00:00.000Z,0.3,6.13,1.1,0.88,1.45,0.512,587"
"2023-12-14T00:00:00.000Z,0.13,2.58,0.7,0.47,0.95,0.391,585"
"2023-12-15T00:00:00.000Z,0.15,2.67,1.12,0.82,1.4,0.4,583"
"2023-12-16T00:00:00.000Z,0,3.83,0.97,0.4,1.9,0.882,586"
"2023-12-17T00:00:00.000Z,0.05,21.6,2.54,2.1,3,1.498,579"
"2023-12-18T00:00:00.000Z,0,4.5,1.05,0.4,1.9,0.878,505"
"2023-12-19T00:00:00.000Z,0,2.67,0.7,0.43,0.95,0.393,555"
"2023-12-20T00:00:00.000Z,0.2,3.45,0.73,0.55,0.9,0.307,483"
"2023-12-21T00:00:00.000Z,0.05,2.25,0.6,0.4,0.82,0.341,562"
"2023-12-22T00:00:00.000Z,0.05,4,0.9,0.5,1.48,0.66,581"
"2023-12-23T00:00:00.000Z,0.05,8.35,1.25,0.52,2.08,1.078,586"
"2023-12-24T00:00:00.000Z,0.15,5.3,1.38,1,1.9,0.854,569"
"2023-12-25T00:00:00.000Z,0.1,5.45,1.52,1,2.1,0.825,585"
"2023-12-26T00:00:00.000Z,0.1,3.13,1.35,1.08,1.8,0.506,514"
"2023-12-27T00:00:00.000Z,0.13,10.88,1,0.77,1.35,0.727,580"
"2023-12-28T00:00:00.000Z,0.1,11.2,0.73,0.5,1.02,0.718,585"
"2023-12-29T00:00:00.000Z,0,3.65,0.54,0.3,0.82,0.48,576"
"2023-12-30T00:00:00.000Z,0,3.08,1.2,0.6,1.52,0.579,590"
"2023-12-31T00:00:00.000Z,0.25,6.28,1.4,1.08,1.73,0.614,578"
"2024-01-01T00:00:00.000Z,0.4,3.45,1.42,1.12,1.75,0.483,581"
"2024-01-02T00:00:00.000Z,0,2.42,0.43,0.3,0.6,0.3,479"
"2024-01-03T00:00:00.000Z,0,2.88,0.45,0.25,0.65,0.353,570"
"2024-01-04T00:00:00.000Z,0,1.65,0.4,0.25,0.7,0.305,583"
"2024-01-05T00:00:00.000Z,0.28,2.78,1,0.82,1.2,0.308,575"
"2024-01-06T00:00:00.000Z,0.38,4.38,1.38,1.12,1.8,0.622,580"
"2024-01-07T00:00:00.000Z,0.08,11.45,0.7,0.5,0.98,1.024,580"
"2024-01-08T00:00:00.000Z,0,9.25,0.5,0.3,0.73,0.563,565"
"2024-01-09T00:00:00.000Z,0,7.7,0.32,0.1,0.75,0.628,578"
"2024-01-10T00:00:00.000Z,0,3.1,0.95,0.52,1.33,0.575,579"
"2024-01-11T00:00:00.000Z,0.17,2.9,1,0.7,1.38,0.45,580"
"2024-01-12T00:00:00.000Z,0,20.45,0.9,0.6,1.35,1.564,580"
"2024-01-13T00:00:00.000Z,0,11.2,0.5,0.2,1.63,1.373,582"
"2024-01-14T00:00:00.000Z,0,31.92,0.77,0.38,1.2,2.179,580"
"2024-01-29T00:00:00.000Z,0.55,25.08,2.38,1.69,3.1,1.744,589"
"2024-01-30T00:00:00.000Z,0.32,17.75,1.83,1.33,2.65,1.487,588"
"2024-01-31T00:00:00.000Z,0,26.48,0.47,0.3,0.73,1.616,587"
"2024-02-01T00:00:00.000Z,0,28.92,1.4,0.8,2.02,1.661,554"
"2024-02-02T00:00:00.000Z,0,21.08,0.6,0.3,1,1.432,536"
"2024-02-03T00:00:00.000Z,0,17.5,1.9,1,3,1.726,565"
"2024-02-04T00:00:00.000Z,0,28,0.88,0.6,1.2,2.147,570"
"2024-02-05T00:00:00.000Z,0,15.65,0.77,0.5,1.2,1.511,582"
"2024-02-06T00:00:00.000Z,0.03,15.63,0.85,0.55,1.2,0.869,583"
"2024-02-07T00:00:00.000Z,0,24.77,0.55,0.3,0.85,1.565,577"
"2024-02-08T00:00:00.000Z,0.05,27.85,0.5,0.35,0.68,1.784,549"
"2024-02-09T00:00:00.000Z,0,21.05,0.55,0.4,0.73,1.49,571"
"2024-02-10T00:00:00.000Z,0,11.68,0.47,0.3,0.7,0.98,577"
"2024-02-11T00:00:00.000Z,0.1,2.7,0.7,0.4,1.02,0.458,577"
"2024-02-12T00:00:00.000Z,0.4,11.85,1.35,1.1,1.6,0.925,574"
"2024-02-13T00:00:00.000Z,0.3,18.02,1.12,0.9,1.35,1.577,577"
"2024-02-14T00:00:00.000Z,0.6,16.3,1.23,1.05,1.4,1.249,589"
"2024-02-15T00:00:00.000Z,0.25,48.2,1,0.82,1.17,3.47,571"
"2024-02-16T00:00:00.000Z,0,20.48,0.89,0.52,1.6,2.027,584"
"2024-02-17T00:00:00.000Z,0,19.07,0.6,0.38,0.85,1.251,589"
"2024-02-18T00:00:00.000Z,0.1,50.63,1.12,0.8,1.65,4.05,573"
"2024-02-19T00:00:00.000Z,0,49.33,0.4,0.22,0.7,2.646,576"
"2024-02-20T00:00:00.000Z,0.1,12.73,0.8,0.56,1.21,1.17,525"
"2024-02-21T00:00:00.000Z,0,56.2,1.38,0.95,1.8,3.638,583"
"2024-02-22T00:00:00.000Z,0,29.73,0.4,0.25,0.6,1.666,581"
"2024-02-23T00:00:00.000Z,0,31.33,0.3,0.2,0.47,2.532,580"
"2024-02-24T00:00:00.000Z,0,29.23,0.28,0.13,0.5,2.771,583"
"2024-02-25T00:00:00.000Z,0,24.05,0.32,0.2,0.47,2.863,579"
"2024-02-26T00:00:00.000Z,0,28.25,0.42,0.17,0.64,2.112,576"
"2024-02-27T00:00:00.000Z,0,31.55,0.32,0.2,0.5,1.884,570"
"2024-02-28T00:00:00.000Z,0.05,15.7,0.6,0.4,0.9,1.361,588"
"2024-02-29T00:00:00.000Z,0,65.38,0.6,0.4,0.77,3.211,581"
"2024-03-01T00:00:00.000Z,0,16,0.43,0.3,0.63,0.836,516"
"2024-03-02T00:00:00.000Z,1.42,29.42,2.17,1.9,2.54,2.017,579"
"2024-03-03T00:00:00.000Z,1.3,19.32,2.2,1.9,2.54,1.092,573"
"2024-03-04T00:00:00.000Z,1.17,117.8,2.15,1.77,2.6,6.51,574"
"2024-03-05T00:00:00.000Z,1.05,16,2.2,1.65,3.12,1.338,576"
"2024-03-06T00:00:00.000Z,0.9,10.6,1.55,1.4,1.75,0.623,577"
"2024-03-07T00:00:00.000Z,0.68,18.64,2.15,1.4,3.03,1.633,545"
"2024-03-08T00:00:00.000Z,1.73,33.67,4.13,3.6,4.59,1.865,575"
"2024-03-09T00:00:00.000Z,0.35,29.23,1.02,0.8,1.48,2.528,573"
"2024-03-10T00:00:00.000Z,0.22,19.32,0.8,0.63,1.1,1.214,559"
"2024-03-11T00:00:00.000Z,0.28,17.2,0.77,0.6,1,1.099,550"
"2024-03-12T00:00:00.000Z,0.22,8.94,1.33,0.98,1.73,0.908,573"
"2024-03-13T00:00:00.000Z,0.35,19.17,1.4,1.02,1.75,1.467,583"
"2024-03-14T00:00:00.000Z,0,23.5,1.3,0.6,1.52,1.781,572"
"2024-03-15T00:00:00.000Z,0,8.68,0.77,0.5,1.1,0.893,575"
"2024-03-16T00:00:00.000Z,0,5.15,0.45,0.3,0.65,0.463,580"
"2024-03-17T00:00:00.000Z,0,20.83,0.4,0.25,0.55,0.999,559"
"2024-03-18T00:00:00.000Z,0,12.3,0.5,0.3,0.8,0.804,580"
"2024-03-19T00:00:00.000Z,0.03,16.8,1,0.6,1.42,1.125,585"
"2024-03-20T00:00:00.000Z,0.25,21.38,1.3,0.93,1.7,1.263,577"
"2024-03-21T00:00:00.000Z,0.03,24.02,1.14,0.8,1.58,1.204,583"
"2024-03-22T00:00:00.000Z,0,18.55,0.32,0.15,0.82,1.353,506"
"2024-03-23T00:00:00.000Z,0,32.78,0.82,0.32,1.6,2.041,543"
"2024-03-24T00:00:00.000Z,1,12.05,1.63,1.42,1.83,0.737,566"
"2024-03-25T00:00:00.000Z,0.73,5.95,1.5,1.35,1.75,0.381,585"
"2024-03-26T00:00:00.000Z,0.55,4.13,1.27,1.08,1.48,0.382,485"
"2024-03-27T00:00:00.000Z,0.28,9.73,1.12,0.95,1.38,0.818,391"
"2024-03-28T00:00:00.000Z,0.65,3.6,1.5,1.21,2.1,0.551,584"
"2024-03-29T00:00:00.000Z,0.38,2.15,1.08,0.9,1.3,0.276,365"
"2024-03-30T00:00:00.000Z,0.32,7.85,0.9,0.7,1.2,0.671,585"
"2024-03-31T00:00:00.000Z,0,12.1,2.02,1.4,2.49,0.903,573"
"2024-04-01T00:00:00.000Z,0.1,17.39,1.2,0.7,1.8,1.332,523"
"2024-04-02T00:00:00.000Z,0.08,19.13,0.77,0.56,1,1.434,573"
"2024-04-03T00:00:00.000Z,0,22.52,0.75,0.55,1.05,1.72,578"
"2024-04-04T00:00:00.000Z,0.15,18.82,0.82,0.65,1.1,1.777,583"
"2024-04-05T00:00:00.000Z,0.28,32.54,0.93,0.77,1.1,2.269,571"
"2024-04-06T00:00:00.000Z,0.6,20.8,1.3,1.1,1.49,1.12,588"
"2024-04-07T00:00:00.000Z,0,19.42,0.7,0.5,0.9,1.056,586"
"2024-04-08T00:00:00.000Z,0.1,22.9,2.02,1.63,2.47,1.959,577"
"2024-04-09T00:00:00.000Z,0.47,22.83,1.2,0.98,1.5,1.415,582"
"2024-04-10T00:00:00.000Z,0,21.02,0.85,0.5,1.35,1.816,578"
"2024-04-11T00:00:00.000Z,0.65,20.3,1.5,1.27,1.74,1.469,564"
"2024-04-12T00:00:00.000Z,0,33.33,0.9,0.5,1.33,1.692,563"
"2024-04-13T00:00:00.000Z,0,9.57,1.21,0.56,3,1.405,586"
"2024-04-14T00:00:00.000Z,0,26.2,1.2,0.8,2.34,1.705,589"
"2024-04-15T00:00:00.000Z,0.32,20.73,1,0.8,1.27,1.447,591"
"2024-04-16T00:00:00.000Z,0.3,31.77,0.82,0.68,1.08,1.386,589"
"2024-04-17T00:00:00.000Z,0.2,2.95,0.8,0.65,1,0.37,581"
"2024-04-18T00:00:00.000Z,0.6,48.67,1.27,1.1,1.48,2.714,589"
"2024-04-19T00:00:00.000Z,0.88,23.83,1.38,1.25,1.52,1.122,543"
"2024-04-20T00:00:00.000Z,0.9,2.52,1.4,1.27,1.55,0.219,563"
"2024-04-21T00:00:00.000Z,0.6,8.82,1.25,1.1,1.4,0.481,588"
"2024-04-22T00:00:00.000Z,0.6,37.79,1.4,1.2,1.6,2.37,582"
"2024-04-23T00:00:00.000Z,0.1,9.02,1.5,1.3,1.73,0.78,577"
"2024-04-24T00:00:00.000Z,0.03,10.15,0.74,0.5,1,0.573,584"
"2024-04-25T00:00:00.000Z,0.17,11.48,1,0.73,1.26,0.702,585"
"2024-04-26T00:00:00.000Z,0.98,17.77,1.5,1.38,1.67,1.006,578"
"2024-04-27T00:00:00.000Z,0.9,3.67,1.6,1.4,1.9,0.374,591"
"2024-04-28T00:00:00.000Z,0.32,13.07,1.08,0.85,1.4,0.872,591"
"2024-04-29T00:00:00.000Z,0,2.78,0.4,0.2,0.93,0.497,589"
"2024-04-30T00:00:00.000Z,0.25,11.95,1.23,1.08,1.4,0.719,589"
"2024-05-01T00:00:00.000Z,0.63,5.05,1.1,1,1.3,0.32,546"
"2024-05-02T00:00:00.000Z,0.95,4.53,1.52,1.4,1.75,0.349,591"
"2024-05-03T00:00:00.000Z,1.23,7.2,2.09,1.8,2.7,0.761,588"
"2024-05-04T00:00:00.000Z,1.73,5.5,2.5,2.22,2.75,0.424,374"
"2024-05-05T00:00:00.000Z,0.77,2.92,1.23,1.1,1.48,0.341,478"
"2024-05-06T00:00:00.000Z,0.63,3.2,1.1,1,1.3,0.237,587"
"2024-05-07T00:00:00.000Z,0.8,9.98,1.4,1.23,1.52,0.475,586"
"2024-05-08T00:00:00.000Z,0.1,15.65,1.4,0.97,1.67,1.049,584"
"2024-05-09T00:00:00.000Z,0.1,35.2,1.63,1.25,1.9,2.331,592"
"2024-05-10T00:00:00.000Z,0.5,9.25,1.23,1.02,1.5,0.634,586"
"2024-05-11T00:00:00.000Z,0.43,9.82,1.17,0.98,1.52,0.789,589"
"2024-05-12T00:00:00.000Z,0.98,11.13,3.91,2.33,5.2,1.814,586"
"2024-05-13T00:00:00.000Z,1.73,10.55,2.83,2.58,3.13,0.582,586"
"2024-05-14T00:00:00.000Z,1.3,4.5,2.5,2,3.05,0.626,588"
"2024-05-15T00:00:00.000Z,2.25,7.55,4.09,3.49,4.69,0.863,584"
"2024-05-16T00:00:00.000Z,1.75,6.78,2.6,2.29,4.59,1.281,581"
"2024-05-17T00:00:00.000Z,1.6,7.25,2.42,2.15,2.8,1.081,585"
"2024-05-18T00:00:00.000Z,0.1,7.43,3.58,1.3,4.2,1.703,591"
"2024-05-19T00:00:00.000Z,0.17,2.47,0.9,0.7,1.14,0.356,590"
"2024-05-20T00:00:00.000Z,0.3,19.92,0.85,0.7,1,1.043,590"
"2024-05-21T00:00:00.000Z,0.63,2.4,1.12,1,1.3,0.244,594"
"2024-05-22T00:00:00.000Z,1.12,5.4,1.75,1.58,1.9,0.359,588"
"2024-05-23T00:00:00.000Z,1.08,5.72,2.17,1.67,2.83,0.808,588"
"2024-05-24T00:00:00.000Z,1.6,16,3.42,2.33,4.15,1.525,587"
"2024-05-25T00:00:00.000Z,1.23,9.5,2.25,1.76,2.75,0.705,588"
"2024-05-26T00:00:00.000Z,1.9,6.72,3.83,3.1,4.38,0.868,589"
"2024-05-27T00:00:00.000Z,3.63,8.19,4.8,4.45,5.32,0.658,588"
"2024-05-28T00:00:00.000Z,2.5,12.73,5.72,3.89,8.51,2.536,589"
"2024-05-29T00:00:00.000Z,2.9,26.35,4.2,3.63,10.22,3.76,588"
"2024-05-30T00:00:00.000Z,1.77,20.14,2.52,2.29,3.08,1.299,586"
"2024-05-31T00:00:00.000Z,2.27,5.7,3.08,2.72,3.65,0.61,585"
"2024-06-01T00:00:00.000Z,1.55,11.1,2.5,2.2,4.67,2.364,556"
"2024-06-02T00:00:00.000Z,1.6,13.57,3.55,2.6,7.63,3.669,589"
"2024-06-03T00:00:00.000Z,0.52,32.17,2.1,1.69,2.42,2.407,588"
"2024-06-04T00:00:00.000Z,0.63,4.47,1.48,1.2,1.7,0.398,585"
"2024-06-05T00:00:00.000Z,0.05,4.28,2,1.8,2.29,0.626,590"
"2024-06-06T00:00:00.000Z,0.63,8.05,1.5,1.3,1.67,0.437,584"
"2024-06-07T00:00:00.000Z,1.14,2.9,1.9,1.55,2.12,0.366,584"
"2024-06-08T00:00:00.000Z,0.9,6.93,1.8,1.4,2.22,0.593,590"
"2024-06-09T00:00:00.000Z,1.3,6.53,1.83,1.67,2.1,0.449,586"
"2024-06-10T00:00:00.000Z,0.52,4.9,1.25,1.1,1.5,0.472,582"
"2024-06-11T00:00:00.000Z,0.3,3.97,1.48,1.1,1.75,0.465,586"
"2024-06-12T00:00:00.000Z,0.43,2.72,1.4,1.1,1.67,0.369,586"
"2024-06-13T00:00:00.000Z,1.12,3.38,1.73,1.5,1.9,0.295,589"
"2024-06-14T00:00:00.000Z,0.8,4.72,1.55,1.3,1.83,0.428,585"
"2024-06-15T00:00:00.000Z,1,8.5,1.42,1.3,1.9,0.539,517"
"2024-06-16T00:00:00.000Z,1.1,4.63,1.58,1.42,1.83,0.31,586"
"2024-06-17T00:00:00.000Z,1.2,8.44,1.83,1.6,2.22,0.59,580"
"2024-06-18T00:00:00.000Z,0.88,11.9,2.25,1.95,2.75,1.192,587"
"2024-06-19T00:00:00.000Z,0.5,5,1.7,1.38,2.5,0.903,586"
"2024-06-20T00:00:00.000Z,0,18.64,1.05,0.52,1.5,0.932,584"
"2024-06-21T00:00:00.000Z,0.52,4.95,2.1,1.5,2.65,0.845,583"
"2024-06-22T00:00:00.000Z,1.1,4.78,1.67,1.5,2.13,0.605,577"
"2024-06-23T00:00:00.000Z,0.73,4.7,1.98,1.6,2.33,0.551,582"
"2024-06-24T00:00:00.000Z,0.15,727.15,1.65,1.05,2.17,30.21,581"
"2024-06-25T00:00:00.000Z,0.2,4.25,1.75,1.3,2.35,0.782,589"
"2024-06-26T00:00:00.000Z,0.4,3.22,1.2,1.05,1.48,0.371,559"
"2024-06-27T00:00:00.000Z,1.3,24.2,2.02,1.7,3.71,1.485,588"
"2024-06-28T00:00:00.000Z,2.54,12.13,4.59,3.53,5.57,1.876,591"
"2024-06-29T00:00:00.000Z,0,21.17,1.77,0.49,11.75,5.567,593"
"2024-06-30T00:00:00.000Z,0.7,2.8,1.25,1.1,1.6,0.391,589"
"2024-07-01T00:00:00.000Z,0.5,2.4,1.12,1,1.33,0.284,572"
"2024-07-02T00:00:00.000Z,0.85,9.98,1.63,1.4,2.38,0.893,587"
"2024-07-03T00:00:00.000Z,0.5,9.48,2.4,1.9,3.35,1.006,587"
"2024-07-04T00:00:00.000Z,0.6,39.08,1.6,1.2,2.09,1.661,588"
"2024-07-05T00:00:00.000Z,0.52,10.68,1.2,1,1.4,0.622,577"
"2024-07-06T00:00:00.000Z,0.22,3.22,0.98,0.8,1.23,0.409,578"
"2024-07-07T00:00:00.000Z,0.5,6.55,1.45,1.2,1.8,0.654,587"
"2024-07-08T00:00:00.000Z,0.2,4.18,1.23,0.9,2.1,0.737,587"
"2024-07-09T00:00:00.000Z,0.65,7.7,1.73,1.5,2.2,0.597,581"
"2024-07-10T00:00:00.000Z,0.88,4,1.45,1.25,1.77,0.378,575"
"2024-07-11T00:00:00.000Z,0.1,7,1,0.6,1.3,0.581,587"
"2024-07-12T00:00:00.000Z,0.7,5.8,2.17,1.88,2.5,0.552,590"
"2024-07-13T00:00:00.000Z,1.8,7.82,2.8,2.5,3.08,0.646,592"
"2024-07-14T00:00:00.000Z,1.6,10.27,2.8,2.2,3.63,0.934,588"
"2024-07-15T00:00:00.000Z,1.2,18.25,2.02,1.7,2.75,0.942,587"
"2024-07-16T00:00:00.000Z,1.2,6.35,1.8,1.6,2.1,0.524,589"
"2024-07-17T00:00:00.000Z,1.02,8.38,2.1,1.8,2.54,0.672,586"
"2024-07-18T00:00:00.000Z,1.2,6.35,3.4,2.78,3.9,0.839,586"
"2024-07-19T00:00:00.000Z,0.1,3.65,1.12,0.65,1.65,0.664,576"
"2024-07-20T00:00:00.000Z,1.52,4.3,2.58,2.29,2.88,0.503,587"
"2024-07-21T00:00:00.000Z,2.2,5.78,3.33,3.05,3.65,0.446,590"
"2024-07-22T00:00:00.000Z,2.6,15.9,4.2,3.45,4.59,0.865,583"
"2024-07-23T00:00:00.000Z,0.25,7.93,1.05,0.7,3.9,1.644,588"
"2024-07-24T00:00:00.000Z,0.7,4.72,2.38,2,2.7,0.656,588"
"2024-07-25T00:00:00.000Z,1.6,5.03,2.42,2.1,3.1,0.642,590"
"2024-07-26T00:00:00.000Z,1.05,3.97,1.63,1.5,1.85,0.301,588"
"2024-07-27T00:00:00.000Z,0.68,7.1,1.8,1.5,2.2,0.607,586"
"2024-07-28T00:00:00.000Z,1.1,4.05,2.15,1.75,2.78,0.611,587"
"2024-07-29T00:00:00.000Z,1.85,3.35,2.4,2.2,2.52,0.281,129"
"2024-08-01T00:00:00.000Z,0.88,2.78,1.48,1.2,1.73,0.36,223"
"2024-08-02T00:00:00.000Z,1.14,4,1.9,1.67,2.29,0.444,573"
"2024-08-03T00:00:00.000Z,2.2,11.63,4,3.03,5.32,1.535,578"
"2024-08-04T00:00:00.000Z,2.95,9.82,4.3,3.83,4.9,0.754,546"
"2024-08-05T00:00:00.000Z,1.9,11.38,3.92,3.13,4.68,0.952,551"
"2024-08-06T00:00:00.000Z,2.52,5.53,3.38,3.13,3.67,0.431,554"
"2024-08-07T00:00:00.000Z,2.04,8.25,3.4,2.78,3.91,0.711,553"
"2024-08-08T00:00:00.000Z,0.77,6.95,3.5,2.92,3.97,0.881,562"
"2024-08-09T00:00:00.000Z,0.9,3.63,1.4,1.3,1.58,0.267,541"
"2024-08-10T00:00:00.000Z,0.1,8.07,1.2,1,1.33,0.589,538"
"2024-08-11T00:00:00.000Z,0,6.03,0.5,0.3,0.77,0.54,571"
"2024-08-12T00:00:00.000Z,0.6,4.95,1.3,1.1,1.63,0.48,544"
"2024-08-13T00:00:00.000Z,0.8,5.18,1.67,1.42,1.92,0.585,557"
"2024-08-14T00:00:00.000Z,1.1,4.9,2.35,1.77,2.85,0.674,524"
"2024-08-15T00:00:00.000Z,0.88,16.92,2.04,1.48,3.01,1.199,480"
"2024-08-16T00:00:00.000Z,0.1,3.85,1.55,1.3,2.1,0.618,452"
"2024-08-17T00:00:00.000Z,0.7,13.27,1.4,1.14,1.7,0.872,534"
"2024-08-18T00:00:00.000Z,1,6.4,1.8,1.5,2.1,0.535,544"
"2024-08-19T00:00:00.000Z,0.6,4.45,1.3,1.1,1.63,0.46,548"
"2024-08-20T00:00:00.000Z,0.63,61.6,2.29,1.17,3.13,4.083,535"
"2024-08-21T00:00:00.000Z,0.52,8.35,1.45,1.2,2.8,1.988,535"
"2024-08-22T00:00:00.000Z,0.73,4.7,1.5,1.3,1.7,0.446,539"
"2024-08-23T00:00:00.000Z,0.3,3.63,0.9,0.73,1.2,0.357,550"
"2024-08-24T00:00:00.000Z,0.03,3.35,1.1,0.9,1.35,0.463,542"
"2024-08-25T00:00:00.000Z,0.6,4.75,1.38,1.2,2.29,0.917,553"
"2024-08-26T00:00:00.000Z,0.22,16.14,1.5,1.2,2.42,1.502,548"
"2024-08-27T00:00:00.000Z,0.7,14.3,2.88,1.9,9.07,3.753,543"
"2024-08-28T00:00:00.000Z,0.1,9.15,3.65,1,4.55,2.346,551"
"2024-08-29T00:00:00.000Z,0.9,7.7,3.92,2.21,5.72,1.847,541"
"2024-08-30T00:00:00.000Z,0.3,7.82,1.7,1.39,4.37,1.741,545"
"2024-08-31T00:00:00.000Z,0.5,7.35,4.2,3,4.82,1.368,547"
"2024-09-01T00:00:00.000Z,2.95,12.57,4.53,4.07,5.09,0.836,551"
"2024-09-02T00:00:00.000Z,1.1,8.63,2.33,1.83,3.13,1.014,484"
"2024-09-03T00:00:00.000Z,0.1,4.15,1.02,0.8,1.4,0.491,538"
"2024-09-04T00:00:00.000Z,1.42,6.22,2.33,2.08,3.1,0.844,543"
"2024-09-05T00:00:00.000Z,1.77,4.4,2.6,2.25,3.09,0.522,172"
"2024-09-16T00:00:00.000Z,1,3,1.6,1.42,1.77,0.321,245"
"2024-09-17T00:00:00.000Z,0.1,38.85,0.8,0.6,1,2.058,562"
"2024-09-18T00:00:00.000Z,0,4.7,1,0.6,1.67,0.736,550"
"2024-09-19T00:00:00.000Z,0,4.3,1.09,0.47,1.67,0.692,550"
"2024-09-20T00:00:00.000Z,0.05,3.8,1.14,0.52,1.38,0.535,551"
"2024-09-21T00:00:00.000Z,0,7.03,0.5,0.3,0.88,0.562,566"
"2024-09-22T00:00:00.000Z,0,4.18,0.5,0.3,0.89,0.624,556"
"2024-09-23T00:00:00.000Z,0.2,1.6,0.77,0.6,0.9,0.242,545"
"2024-09-24T00:00:00.000Z,0.1,2.83,0.63,0.47,0.8,0.285,512"
"2024-09-25T00:00:00.000Z,0.47,12.38,1.75,1.4,2.2,0.91,538"
"2024-09-26T00:00:00.000Z,0.2,5.28,0.9,0.7,1.1,0.453,559"
"2024-09-27T00:00:00.000Z,0.13,2.1,0.8,0.5,1.02,0.385,410"
"2024-09-28T00:00:00.000Z,0,3.33,0.65,0.4,1.01,0.448,401"
"2024-09-29T00:00:00.000Z,0.03,8.05,0.72,0.52,0.93,0.494,544"
"2024-09-30T00:00:00.000Z,0,16.45,0.55,0.4,0.75,1.391,554"
"2024-10-01T00:00:00.000Z,0.03,15.82,1,0.77,1.35,1.367,560"
"2024-10-02T00:00:00.000Z,0.2,31.73,0.87,0.63,1.12,2.847,568"
"2024-10-03T00:00:00.000Z,0,28.88,0.56,0.4,0.8,2.012,555"
"2024-10-04T00:00:00.000Z,0.17,7.38,0.75,0.56,0.98,0.486,568"
"2024-10-05T00:00:00.000Z,0.25,6.35,1,0.8,1.25,0.436,568"
"2024-10-06T00:00:00.000Z,0.45,5,1.58,1.2,2.04,0.59,560"
"2024-10-07T00:00:00.000Z,0.38,15.57,1.33,0.93,1.7,1.354,289"
"2024-10-09T00:00:00.000Z,0,1.27,0.28,0.2,0.38,0.193,109"
"2024-10-10T00:00:00.000Z,0,37.25,0.9,0.4,1.23,2.005,563"
"2024-10-11T00:00:00.000Z,0.05,21.2,0.8,0.6,1.14,1.697,567"
"2024-10-12T00:00:00.000Z,0,34,0.6,0.45,0.8,2.788,582"
"2024-10-13T00:00:00.000Z,0.1,4.63,1.1,0.56,1.3,0.485,562"
"2024-10-14T00:00:00.000Z,0.05,3.85,0.7,0.43,0.9,0.385,555"
"2024-10-15T00:00:00.000Z,0,83.4,0.8,0.52,1.4,4.395,548"
"2024-10-16T00:00:00.000Z,0.68,11.55,1.6,1.38,1.85,0.849,575"
"2024-10-17T00:00:00.000Z,0.7,35.7,1.33,1.2,1.55,1.692,553"
"2024-10-18T00:00:00.000Z,0.52,3.25,1.4,1.2,1.6,0.356,569"
"2024-10-19T00:00:00.000Z,0.32,2.38,1.07,0.9,1.2,0.264,556"
"2024-10-20T00:00:00.000Z,0.45,5.57,1.3,1,1.9,0.985,565"
"2024-10-21T00:00:00.000Z,0.2,5.45,0.9,0.6,1.58,0.838,568"
"2024-10-22T00:00:00.000Z,0.03,15.98,0.9,0.5,1.48,1.572,556"
"2024-10-23T00:00:00.000Z,0,68.81,1.1,0.6,1.63,5.152,577"
"2024-10-24T00:00:00.000Z,0.3,26.73,2.45,1.7,3.03,1.779,560"
"2024-10-25T00:00:00.000Z,0.5,4.82,1.9,1.33,2.7,0.875,509"
"2024-10-26T00:00:00.000Z,0.25,3.47,0.93,0.75,1.2,0.387,554"
"2024-10-27T00:00:00.000Z,0.1,3.05,0.93,0.6,1.2,0.398,549"
"2024-10-28T00:00:00.000Z,0,18.02,0.8,0.5,1.12,1.217,548"
"2024-10-29T00:00:00.000Z,0,38.25,1,0.6,1.6,2.132,560"
"2024-10-30T00:00:00.000Z,0.2,34.58,1,0.77,1.25,1.927,551"
"2024-10-31T00:00:00.000Z,0,15.27,0.7,0.45,1,1.134,558"
"2024-11-01T00:00:00.000Z,0,27.63,0.98,0.5,1.5,1.807,546"
"2024-11-02T00:00:00.000Z,0.15,30.83,0.82,0.63,1.08,3.183,533"
"2024-11-03T00:00:00.000Z,0,93.55,0.88,0.52,1.39,6.083,525"
"2024-11-04T00:00:00.000Z,0,13.9,0.63,0.4,0.85,1.014,472"
"2024-11-05T00:00:00.000Z,0,24.58,0.6,0.22,1.9,2.366,390"
"2024-11-06T00:00:00.000Z,0.15,38.83,0.8,0.56,1.02,2.689,374"
"2024-11-07T00:00:00.000Z,0,11.73,0.8,0.4,1.1,0.944,493"
"2024-11-08T00:00:00.000Z,0.03,13.45,0.82,0.5,1.27,1.05,440"
"2024-11-09T00:00:00.000Z,0.63,35.35,1.67,1.4,2,2.232,380"
"2024-11-10T00:00:00.000Z,0.2,2.8,0.85,0.6,1.4,0.532,360"
"2024-11-11T00:00:00.000Z,0.03,12.63,0.5,0.35,0.7,1.04,424"
"2024-11-12T00:00:00.000Z,0,27.13,0.77,0.4,1.08,2.021,291"
"2024-11-13T00:00:00.000Z,0,29,2.81,1.1,3.6,2.073,364"
"2024-11-14T00:00:00.000Z,0,28.98,0.82,0.43,1.75,1.975,329"
"2024-11-15T00:00:00.000Z,0,50.05,0.3,0.17,0.52,3.232,515"
"2024-11-16T00:00:00.000Z,0.13,51.38,0.88,0.6,1.24,5.744,537"
"2024-11-17T00:00:00.000Z,0,40.25,1.7,0.6,3.17,4.086,539"
"2024-11-18T00:00:00.000Z,0.38,34.97,1.38,1,2.02,3.258,471"
"2024-11-19T00:00:00.000Z,0,12.73,0.72,0.5,1,1.137,442"
"2024-11-20T00:00:00.000Z,0.03,17.05,0.85,0.63,1.13,1.495,425"
"2024-11-21T00:00:00.000Z,0,3.8,0.75,0.52,1.07,0.48,397"
"2024-11-22T00:00:00.000Z,0.03,7.5,1.02,0.55,1.62,0.911,409"
"2024-11-23T00:00:00.000Z,0.1,21.23,0.77,0.5,1.02,2.216,326"
"2024-11-24T00:00:00.000Z,0,5.47,0.6,0.4,0.77,0.423,402"
"2024-11-25T00:00:00.000Z,0,5.43,0.55,0.28,1.08,0.731,435"
"2024-11-26T00:00:00.000Z,0.1,10.19,0.73,0.5,1.02,0.852,580"
"2024-11-27T00:00:00.000Z,0.1,15.3,1.1,0.65,1.58,1.046,586"
"2024-11-28T00:00:00.000Z,0.03,13.6,0.7,0.49,0.88,0.663,593"
"2024-11-29T00:00:00.000Z,0,19.23,0.75,0.3,1.14,1.653,589"
"2024-11-30T00:00:00.000Z,0.17,7.6,1.24,0.77,1.6,0.784,592"
"2024-12-01T00:00:00.000Z,0,4.25,0.43,0.25,0.98,0.899,514"
"2024-12-02T00:00:00.000Z,0,2.29,0.65,0.43,0.93,0.355,591"
"2024-12-03T00:00:00.000Z,0,19.57,0.65,0.4,1.02,1.245,590"
"2024-12-04T00:00:00.000Z,0,12.07,0.4,0.22,0.67,0.964,592"
"2024-12-05T00:00:00.000Z,0,14.73,0.38,0.25,0.55,1.014,590"
"2024-12-06T00:00:00.000Z,0.08,10.4,0.56,0.43,0.73,0.766,590"
"2024-12-07T00:00:00.000Z,0.17,2.7,1,0.77,1.49,0.451,589"
"2024-12-08T00:00:00.000Z,0.5,10.9,1.8,1.48,2.2,0.806,590"
"2024-12-09T00:00:00.000Z,0,42.08,1.5,0.4,1.85,1.894,582"
"2024-12-10T00:00:00.000Z,0,17.02,0.45,0.13,1.58,1.352,551"
"2024-12-11T00:00:00.000Z,0.3,16.17,1.12,0.93,1.35,0.829,572"
"2024-12-12T00:00:00.000Z,0.3,10.85,1.1,0.85,1.35,0.798,578"
"2024-12-13T00:00:00.000Z,0.2,12.57,0.8,0.63,1.05,0.708,537"
"2024-12-14T00:00:00.000Z,0.08,11.13,0.95,0.6,1.38,0.975,515"
"2024-12-15T00:00:00.000Z,0,13.63,0.43,0.3,0.6,0.707,589"
"2024-12-16T00:00:00.000Z,0.05,8.8,1.02,0.7,1.44,0.799,493"
"2024-12-17T00:00:00.000Z,0,14.13,1.1,0.85,1.42,0.904,527"
"2024-12-18T00:00:00.000Z,0,16.27,0.55,0.3,0.82,0.919,524"
"2024-12-19T00:00:00.000Z,0.05,1.55,0.7,0.55,0.85,0.242,237"
"2024-12-20T00:00:00.000Z,0.4,8.48,1.24,0.9,1.85,0.807,434"
"2024-12-21T00:00:00.000Z,0,6.82,0.6,0.3,0.98,0.705,527"
"2024-12-22T00:00:00.000Z,0.03,17.95,0.52,0.4,0.75,1.482,592"
"2024-12-23T00:00:00.000Z,0.25,4.15,0.85,0.68,1.1,0.393,573"
"2024-12-24T00:00:00.000Z,0,3.75,0.63,0.43,1.12,0.701,555"
"2024-12-25T00:00:00.000Z,0,5.2,2.08,0.2,3.03,1.399,591"
"2024-12-26T00:00:00.000Z,0,4.4,2,1.27,2.5,0.906,591"
"2024-12-27T00:00:00.000Z,0.6,5.13,1.95,1.5,2.33,0.606,589"
"2024-12-28T00:00:00.000Z,0,12.55,0.4,0.15,0.88,0.681,591"
"2024-12-29T00:00:00.000Z,0,11.85,0.49,0.2,0.8,0.972,484"
"2024-12-30T00:00:00.000Z,0.13,9.6,0.9,0.52,1.25,0.735,265"
"2024-12-31T00:00:00.000Z,0,20.92,0.47,0.3,0.7,2.226,403"
"2025-01-01T00:00:00.000Z,0,11.98,0.8,0.4,1.52,1.192,562"
"2025-01-02T00:00:00.000Z,0,8.55,0.5,0.3,0.73,0.478,589"
"2025-01-03T00:00:00.000Z,0,5.4,0.55,0.2,0.94,0.704,584"
"2025-01-04T00:00:00.000Z,0,13.6,0.65,0.4,0.9,0.793,590"
"2025-01-05T00:00:00.000Z,0.13,10.52,0.73,0.5,1.1,0.997,588"
"2025-01-06T00:00:00.000Z,0.03,9.1,0.7,0.5,0.88,0.499,590"
"2025-01-07T00:00:00.000Z,0,14.88,0.56,0.3,0.8,0.786,589"
"2025-01-08T00:00:00.000Z,0.3,8.27,1.08,0.9,1.3,0.568,587"
"2025-01-09T00:00:00.000Z,0.52,11.5,1.8,1.2,2.65,1.052,590"
"2025-01-10T00:00:00.000Z,0.85,12.95,2.02,1.7,2.45,0.839,588"
"2025-01-11T00:00:00.000Z,0.2,31.95,1.23,0.9,1.63,1.827,590"
"2025-01-12T00:00:00.000Z,0,12.88,0.7,0.45,0.95,0.974,588"
"2025-01-13T00:00:00.000Z,0,5.8,0.45,0.17,0.73,0.453,538"
"2025-01-14T00:00:00.000Z,0.13,9.8,1.55,1.23,1.98,0.992,406"
"2025-01-15T00:00:00.000Z,0,34.67,0.3,0.1,0.5,1.889,587"
"2025-01-16T00:00:00.000Z,0,31.2,1.4,0.65,2.31,1.991,589"
"2025-01-17T00:00:00.000Z,0,22.35,0.7,0.22,1.83,1.57,586"
"2025-01-18T00:00:00.000Z,0.1,14.45,1.83,0.95,2.29,1.033,587"
"2025-01-19T00:00:00.000Z,0,9.57,0.6,0.3,0.93,0.818,585"
"2025-01-20T00:00:00.000Z,0,1.58,0.4,0.25,0.6,0.242,584"
"2025-01-21T00:00:00.000Z,0,8,0.45,0.27,0.7,0.589,589"
"2025-01-22T00:00:00.000Z,0.17,11.57,0.84,0.56,1.2,0.905,580"
"2025-01-23T00:00:00.000Z,0.03,9.32,0.65,0.4,0.9,0.607,584"
"2025-01-24T00:00:00.000Z,0.03,9,0.6,0.43,0.8,0.718,582"
"2025-01-25T00:00:00.000Z,0,18,0.7,0.5,0.95,1.256,541"
"2025-01-26T00:00:00.000Z,0.03,3.5,0.9,0.4,1.48,0.677,215"
"2025-01-27T00:00:00.000Z,0.05,2.75,0.5,0.38,0.68,0.289,486"
"2025-01-28T00:00:00.000Z,0,20.35,0.63,0.4,0.98,1.117,589"
"2025-01-29T00:00:00.000Z,0.03,9.68,0.9,0.55,1.3,0.755,592"
"2025-01-30T00:00:00.000Z,0.15,4.05,1.27,0.98,1.6,0.531,423"
"2025-01-31T00:00:00.000Z,0,19.1,0.7,0.45,0.9,1.062,447"
"2025-02-01T00:00:00.000Z,0.2,2.63,1,0.75,1.23,0.375,364"
"2025-02-02T00:00:00.000Z,0.05,2.67,0.8,0.6,1,0.337,492"
"2025-02-03T00:00:00.000Z,0,13.95,0.9,0.65,1.2,0.914,586"
"2025-02-04T00:00:00.000Z,0.85,33.9,1.67,1.45,1.9,1.454,581"
"2025-02-05T00:00:00.000Z,0.2,10.82,1.48,1.25,1.77,0.757,582"
"2025-02-06T00:00:00.000Z,0.45,20.35,2.08,1.6,2.67,1.176,584"
"2025-02-07T00:00:00.000Z,1.3,38.95,2.54,2.17,2.95,1.959,540"
"2025-02-08T00:00:00.000Z,0.17,4.25,1.23,0.85,1.52,0.473,538"
"2025-02-09T00:00:00.000Z,0.4,3.08,1.73,1.27,2.08,0.509,574"
"2025-02-10T00:00:00.000Z,0.2,8.69,0.9,0.7,1.12,0.746,583"
"2025-02-11T00:00:00.000Z,0,8.23,0.56,0.4,0.7,0.62,294"
"2025-02-12T00:00:00.000Z,0.2,6.3,1.2,0.95,1.42,0.571,511"
"2025-02-13T00:00:00.000Z,0.03,7.93,1.25,0.82,1.63,0.739,496"
"2025-02-14T00:00:00.000Z,0.28,19.13,1.4,1.2,1.7,1.229,299"
"2025-02-15T00:00:00.000Z,0.1,10.8,1.14,0.67,1.59,0.921,448"
"2025-02-16T00:00:00.000Z,0.2,9.94,1.2,0.8,2.5,1.206,339"
"2025-02-17T00:00:00.000Z,0.17,3.35,1.2,0.8,1.63,0.562,439"
"2025-02-18T00:00:00.000Z,0.28,12.88,1.1,0.9,1.4,0.896,520"
"2025-02-19T00:00:00.000Z,0.05,4.15,0.63,0.45,0.8,0.347,578"
"2025-02-20T00:00:00.000Z,0,6.7,0.5,0.38,0.68,0.557,574"
"2025-02-21T00:00:00.000Z,0.1,7.22,1.3,1,1.65,0.682,566"
"2025-02-22T00:00:00.000Z,0.38,3.15,0.9,0.8,1.05,0.263,579"
"2025-02-23T00:00:00.000Z,0.2,2.54,1.1,0.77,1.45,0.459,580"
"2025-02-24T00:00:00.000Z,0,13.82,0.4,0.28,0.6,0.973,575"
"2025-02-25T00:00:00.000Z,0,20.27,0.5,0.3,0.7,1.366,566"
"2025-02-26T00:00:00.000Z,0,11.88,0.7,0.5,1,0.828,575"
"2025-02-27T00:00:00.000Z,0,18,0.5,0.32,0.7,1.247,410"
"2025-02-28T00:00:00.000Z,0,18.73,0.72,0.4,1.02,2.33,102"
"2025-03-01T00:00:00.000Z,0,4.88,1.02,0.6,1.7,0.797,392"
"2025-03-02T00:00:00.000Z,0,3.97,1.3,0.85,1.65,0.716,567"
"2025-03-03T00:00:00.000Z,0,5.63,1.92,1.25,2.92,1.052,575"
"2025-03-04T00:00:00.000Z,0,11.6,1.17,0.9,1.42,0.938,565"
"2025-03-05T00:00:00.000Z,0.7,5.65,2.08,1.74,2.54,0.663,569"
"2025-03-06T00:00:00.000Z,0,2.29,0.3,0.19,0.82,0.47,149"
"2025-03-07T00:00:00.000Z,0,19.2,1.1,0.65,1.69,1.69,421"
"2025-03-08T00:00:00.000Z,0.05,12.8,1.35,1,1.67,0.848,565"
"2025-03-09T00:00:00.000Z,0.1,7.5,1,0.8,1.3,0.679,568"
"2025-03-10T00:00:00.000Z,0,18.63,0.68,0.45,1,1.872,562"
"2025-03-11T00:00:00.000Z,0,6.57,0.77,0.52,1.1,0.531,578"
"2025-03-12T00:00:00.000Z,0.03,6.7,0.77,0.5,1.1,0.59,583"
"2025-03-13T00:00:00.000Z,0.08,2.27,0.95,0.7,1.27,0.423,357"
"2025-03-14T00:00:00.000Z,0,4.22,0.56,0.38,0.73,0.424,230"
"2025-03-15T00:00:00.000Z,0.1,0.4,0.2,0.12,0.3,0.102,8"
"2025-03-18T00:00:00.000Z,0.6,2.6,1.5,1.3,1.79,0.377,69"
"2025-03-19T00:00:00.000Z,0.4,45.25,1.4,1.1,1.67,1.902,588"
"2025-03-20T00:00:00.000Z,0.5,13.63,1.08,0.9,1.25,0.753,566"
"2025-03-21T00:00:00.000Z,0.3,4.03,0.95,0.75,1.2,0.404,592"
"2025-03-22T00:00:00.000Z,0.28,5.43,0.75,0.63,0.9,0.354,592"
"2025-03-23T00:00:00.000Z,0.13,10.35,0.85,0.6,1.1,0.678,592"
"2025-03-24T00:00:00.000Z,0.28,5.97,1.5,1.1,2.29,1.192,593"
"2025-03-25T00:00:00.000Z,0.3,8.9,1.23,0.98,1.6,0.763,592"
"2025-03-26T00:00:00.000Z,0.08,11.4,1.12,0.82,1.55,0.743,589"
"2025-03-27T00:00:00.000Z,0,30.38,0.65,0.13,1.42,2.256,223"
"2025-03-28T00:00:00.000Z,0,6.43,0.95,0.3,1.75,1.01,455"
"2025-03-29T00:00:00.000Z,0.03,4.45,1.1,0.7,1.54,0.581,568"
"2025-03-30T00:00:00.000Z,0.05,1.65,0.73,0.55,0.92,0.294,348"
"2025-03-31T00:00:00.000Z,0.08,8.57,1.2,1,1.45,0.676,527"
"2025-04-01T00:00:00.000Z,0.05,3.03,0.43,0.3,0.56,0.279,213"
"2025-04-02T00:00:00.000Z,1.27,4.4,2.29,2.04,2.6,0.471,178"
"2025-04-03T00:00:00.000Z,0.6,24.92,2.45,1.9,3.13,1.246,581"
"2025-04-04T00:00:00.000Z,0.17,6.3,1,0.7,1.38,0.638,586"
"2025-04-05T00:00:00.000Z,0.32,59.35,1.05,0.77,1.88,6.618,542"
"2025-04-06T00:00:00.000Z,0.47,34.6,1.5,1,2.12,3.38,341"
"2025-04-07T00:00:00.000Z,0.45,2.8,1.25,0.98,1.49,0.354,320"
"2025-04-08T00:00:00.000Z,0,21.13,1.2,0.9,1.7,1.554,574"
"2025-04-09T00:00:00.000Z,0.3,9.07,1.25,1.08,1.44,0.456,568"
"2025-04-10T00:00:00.000Z,0,9.93,0.35,0.17,0.6,0.596,584"
"2025-04-11T00:00:00.000Z,0.2,12.95,0.82,0.6,1.05,0.677,589"
"2025-04-12T00:00:00.000Z,1.42,54.63,2.42,2.13,2.75,3.921,588"
"2025-04-13T00:00:00.000Z,0.6,66.75,1.5,1.25,1.8,5.048,565"
"2025-04-14T00:00:00.000Z,0.08,16.7,1.27,0.8,1.69,1.273,589"
"2025-04-15T00:00:00.000Z,0.32,12.32,1,0.82,1.2,0.783,572"
"2025-04-16T00:00:00.000Z,0.5,5.22,1.6,1,3.13,1.107,582"
"2025-04-17T00:00:00.000Z,0.7,7.78,3.63,3,4.12,0.987,593"
"2025-04-18T00:00:00.000Z,0,2.88,0.68,0.37,1,0.399,593"
"2025-04-19T00:00:00.000Z,0.03,2.52,0.68,0.47,0.9,0.35,507"
"2025-04-20T00:00:00.000Z,0.3,2.02,0.8,0.65,0.95,0.267,592"
"2025-04-21T00:00:00.000Z,0.38,2.02,0.9,0.8,1.1,0.235,592"
"2025-04-22T00:00:00.000Z,0,1.77,0.73,0.52,0.9,0.263,519"
"2025-04-23T00:00:00.000Z,0.22,1.63,0.75,0.6,0.87,0.206,165"
"2025-04-24T00:00:00.000Z,0,2.29,0.7,0.52,0.88,0.276,592"
"2025-04-25T00:00:00.000Z,0.15,2.25,0.77,0.63,0.9,0.24,592"
"2025-04-26T00:00:00.000Z,0.32,2.25,0.9,0.75,1.02,0.224,592"
"2025-04-27T00:00:00.000Z,0.38,5.57,1.25,1,1.63,0.525,588"
"2025-04-28T00:00:00.000Z,0.2,8.4,1.2,0.8,1.77,0.622,591"
"2025-04-29T00:00:00.000Z,0.3,9.6,1.45,1.2,1.65,0.613,593"
"2025-04-30T00:00:00.000Z,0,66.78,1.12,0.75,1.4,5.249,591"
"2025-05-01T00:00:00.000Z,0.13,64.3,0.82,0.6,1.1,5.572,593"
"2025-05-02T00:00:00.000Z,0.25,62.75,1.08,0.77,1.6,4.956,540"
"2025-05-03T00:00:00.000Z,0.4,50.63,1.38,1.15,1.82,3.54,493"
"2025-05-04T00:00:00.000Z,0.4,34.75,1.23,1,1.7,2.693,593"
"2025-05-05T00:00:00.000Z,0,28.42,0.98,0.68,1.3,2.398,591"
"2025-05-06T00:00:00.000Z,0.7,28.33,1.23,1.1,1.48,2.655,590"
"2025-05-07T00:00:00.000Z,0.28,11.7,1.3,1,1.5,0.705,590"
"2025-05-08T00:00:00.000Z,0.1,42.65,0.98,0.63,1.3,2.307,591"
"2025-05-09T00:00:00.000Z,1,62.4,2.7,2,3.37,3.868,592"
"2025-05-10T00:00:00.000Z,1.2,30.02,1.98,1.7,2.5,1.746,593"
"2025-05-11T00:00:00.000Z,0.9,33.33,1.48,1.2,1.65,2.071,591"
"2025-05-12T00:00:00.000Z,0.2,70.38,1.4,1.02,2.2,5.607,591"
"2025-05-13T00:00:00.000Z,0.55,29.98,1.67,1.2,2.2,1.861,593"
"2025-05-14T00:00:00.000Z,0.65,6.95,1.63,1.4,1.85,0.504,592"
"2025-05-15T00:00:00.000Z,0.4,55.13,1.4,1,1.8,2.588,594"
"2025-05-16T00:00:00.000Z,0.56,22.05,2,1.6,2.29,1.742,590"
"2025-05-17T00:00:00.000Z,0.88,3.1,1.5,1.3,1.65,0.285,592"
"2025-05-18T00:00:00.000Z,1.12,4.97,1.8,1.58,2.96,0.932,592"
"2025-05-19T00:00:00.000Z,1.08,6.47,2.78,1.83,3.76,1.168,592"
"2025-05-20T00:00:00.000Z,0.2,20.8,1.14,0.9,1.63,1.588,591"
"2025-05-21T00:00:00.000Z,0.1,18.89,0.73,0.52,1.05,1.508,592"
"2025-05-22T00:00:00.000Z,0.98,11.9,1.9,1.52,2.45,0.926,592"
"2025-05-23T00:00:00.000Z,0.3,30.15,1.9,1.6,2.4,1.529,590"
"2025-05-24T00:00:00.000Z,0,97.95,0.6,0.4,0.8,6.562,590"
"2025-05-25T00:00:00.000Z,0.1,164.82,1.5,1.17,1.73,7.37,592"
"2025-05-26T00:00:00.000Z,0.8,46.42,1.83,1.6,2.13,2.453,590"
"2025-05-27T00:00:00.000Z,0.45,27,1.2,0.9,1.7,1.619,592"
"2025-05-28T00:00:00.000Z,0.38,30.92,1.75,1.5,2.02,2.489,593"
"2025-05-29T00:00:00.000Z,0.85,56.63,1.7,1.45,2.02,5.099,592"
"2025-05-30T00:00:00.000Z,0.9,61.97,1.88,1.51,2.4,4.786,592"
"2025-05-31T00:00:00.000Z,0.6,30.4,1.5,1.25,1.85,2.481,586"
"2025-06-01T00:00:00.000Z,0.68,28.65,1.73,1.1,2.17,2.222,589"
"2025-06-02T00:00:00.000Z,0.3,56.08,1.73,1.38,2.83,3.67,586"
"2025-06-03T00:00:00.000Z,0.7,58.78,1.42,1.27,1.7,2.41,589"
"2025-06-04T00:00:00.000Z,0.98,11.4,1.48,1.3,1.65,0.49,588"
"2025-06-05T00:00:00.000Z,0.8,10.68,1.5,1.3,2.54,1.068,592"
"2025-06-06T00:00:00.000Z,0.55,7.75,1.3,1.13,1.5,0.545,589"
"2025-06-07T00:00:00.000Z,1,36.97,1.8,1.6,2.08,2.354,591"
"2025-06-08T00:00:00.000Z,0.75,9.05,1.63,1.3,2,0.716,580"
"2025-06-09T00:00:00.000Z,0.3,88.63,1.4,1.1,1.8,3.703,590"
"2025-06-10T00:00:00.000Z,0.5,6.78,1.2,1,1.58,0.589,587"
"2025-06-11T00:00:00.000Z,0.7,9.27,1.3,1.1,1.75,0.738,583"
"2025-06-12T00:00:00.000Z,0.3,5.8,0.95,0.7,1.2,0.567,523"
"2025-06-13T00:00:00.000Z,0.93,8.13,1.9,1.4,2.29,0.688,591"
"2025-06-14T00:00:00.000Z,2.17,14.77,4.63,3.29,5.71,1.85,592"
"2025-06-15T00:00:00.000Z,3.92,15.38,5.35,4.95,6.49,2.232,372"
"2025-06-16T00:00:00.000Z,0.2,14.35,2.25,1.1,2.88,1.31,453"
"2025-06-17T00:00:00.000Z,0.2,12.4,2.97,1.7,3.63,1.405,591"
"2025-06-18T00:00:00.000Z,0.1,32.38,1.52,1.14,1.9,1.926,592"
"2025-06-19T00:00:00.000Z,0.47,47.17,2.15,1.76,2.5,2.029,593"
"2025-06-20T00:00:00.000Z,1.25,10.23,2.54,2.1,3.17,0.873,589"
"2025-06-21T00:00:00.000Z,1.3,19.38,1.77,1.6,2.22,0.886,587"
"2025-06-22T00:00:00.000Z,1.17,4.09,1.65,1.5,1.9,0.332,593"
"2025-06-23T00:00:00.000Z,1.17,11.1,2.45,1.83,3.35,0.966,592"
"2025-06-24T00:00:00.000Z,1.38,15.32,2.65,1.83,4.25,1.56,592"
"2025-06-25T00:00:00.000Z,1.3,9.4,2.29,1.88,2.9,1.133,592"
"2025-06-26T00:00:00.000Z,1.12,11.13,1.77,1.6,1.92,0.518,593"
"2025-06-27T00:00:00.000Z,0.13,5.38,2.47,1.63,3,1.058,588"
"2025-06-28T00:00:00.000Z,0.5,45.22,2.29,1.63,2.9,3.491,591"
"2025-06-29T00:00:00.000Z,0.2,49.22,1.4,1.08,2.38,2.857,593"
"2025-06-30T00:00:00.000Z,0.73,11.5,1.82,1.58,2.13,0.841,420"
"2025-07-01T00:00:00.000Z,0.1,7.43,1.91,1.45,2.2,0.799,590"
"2025-07-02T00:00:00.000Z,1.1,5.47,1.75,1.55,2.02,0.457,590"
"2025-07-03T00:00:00.000Z,0.63,7.13,1.6,1.2,2.29,0.707,590"
"2025-07-04T00:00:00.000Z,0.5,5.85,1.12,0.9,1.48,0.503,591"
"2025-07-05T00:00:00.000Z,0.77,3.08,1.21,1.12,1.38,0.212,592"
"2025-07-06T00:00:00.000Z,0.9,2.97,1.33,1.25,1.42,0.172,539"
"2025-07-07T00:00:00.000Z,1.12,12.02,1.6,1.48,2.08,1.269,591"
"2025-07-08T00:00:00.000Z,1.33,4.78,1.88,1.67,2.25,0.443,592"
"2025-07-09T00:00:00.000Z,0.9,4.88,1.67,1.33,2.04,0.491,592"
"2025-07-10T00:00:00.000Z,1.3,4.15,1.8,1.67,1.98,0.304,594"
"2025-07-11T00:00:00.000Z,0.6,4.09,1.4,1.12,1.7,0.496,592"
"2025-07-12T00:00:00.000Z,1.4,8.77,2.2,2,2.35,0.454,590"
"2025-07-13T00:00:00.000Z,2,7.35,2.9,2.65,3.22,0.489,586"
"2025-07-14T00:00:00.000Z,2.04,6.57,3.05,2.72,3.5,0.62,587"
"2025-07-15T00:00:00.000Z,2.2,6.97,3.6,3.08,4.18,0.699,582"
"2025-07-16T00:00:00.000Z,1.6,5.82,3.08,2.24,3.57,0.83,593"
"2025-07-17T00:00:00.000Z,1.7,3.65,2.38,2.17,2.67,0.387,592"
"2025-07-18T00:00:00.000Z,2.8,5.78,4.18,3.66,4.57,0.612,593"
"2025-07-19T00:00:00.000Z,3.97,12.13,6.07,4.96,7.77,1.907,593"
"2025-07-20T00:00:00.000Z,2.92,10.4,5.12,4.48,6.06,1.414,584"
"2025-07-21T00:00:00.000Z,3.97,14.93,5.78,5.47,6.15,0.825,591"
"2025-07-22T00:00:00.000Z,4.13,8.68,5.5,4.88,6.22,0.795,593"
"2025-07-23T00:00:00.000Z,3.8,9.6,6.13,5.2,7.32,1.217,590"
"2025-07-24T00:00:00.000Z,3.75,8.75,5.57,4.65,6.55,1.127,590"
"2025-07-25T00:00:00.000Z,1.4,10.55,2.92,2.5,4.97,2.565,592"
"2025-07-26T00:00:00.000Z,1.2,7.5,2.29,1.89,2.92,0.804,593"
"2025-07-27T00:00:00.000Z,2.04,8.38,3.6,3.05,4.03,0.715,590"
"2025-07-28T00:00:00.000Z,1.7,13.2,3.13,2.4,4.34,1.398,591"
"2025-07-29T00:00:00.000Z,1.65,6.28,2.29,2.02,2.78,0.502,593"
"2025-07-30T00:00:00.000Z,2.2,6.53,3.72,3.38,4.03,0.519,592"
"2025-07-31T00:00:00.000Z,2.7,9.05,4.07,3.45,5.05,0.959,591"
"2025-08-01T00:00:00.000Z,3.1,10.82,5.57,4.95,6.63,1.187,591"
"2025-08-02T00:00:00.000Z,4.18,9.94,6.7,6.13,7.15,0.891,594"
"2025-08-03T00:00:00.000Z,0.8,8.73,2.27,1.9,6.85,2.55,593"
"2025-08-04T00:00:00.000Z,0.77,7.93,1.88,1.7,2.1,0.486,591"
"2025-08-05T00:00:00.000Z,0.35,4.5,1.1,0.9,1.5,0.417,564"
"2025-08-06T00:00:00.000Z,0.1,8.25,0.95,0.75,1.17,0.574,526"
"2025-08-07T00:00:00.000Z,0,14.85,2.1,1.42,2.63,1.197,571"
"2025-08-08T00:00:00.000Z,1.08,3.85,1.65,1.5,1.88,0.35,577"
"2025-08-09T00:00:00.000Z,0.6,2.58,1.24,1.05,1.57,0.389,560"
"2025-08-10T00:00:00.000Z,0.4,4.75,1.21,1,1.6,0.473,588"
"2025-08-11T00:00:00.000Z,0.63,6.13,1.48,1.2,1.8,0.713,592"
"2025-08-12T00:00:00.000Z,0.56,5.8,1.2,1.08,1.4,0.495,593"
"2025-08-13T00:00:00.000Z,0.7,23.15,1.4,1.2,1.6,1.093,580"
"2025-08-14T00:00:00.000Z,1.9,14,6.6,4.97,7.39,1.793,585"
"2025-08-15T00:00:00.000Z,0.13,10.48,1.5,1.05,5.09,2.462,484"
"2025-08-16T00:00:00.000Z,0.22,3.67,1.1,0.9,1.4,0.429,576"
"2025-08-17T00:00:00.000Z,0.8,21.45,1.65,1.4,2,1.083,592"
"2025-08-18T00:00:00.000Z,0.03,8.68,0.77,0.49,1.13,0.841,589"
"2025-08-19T00:00:00.000Z,0.22,7.93,1.19,0.9,1.5,0.548,592"
"2025-08-20T00:00:00.000Z,0.13,17.6,0.8,0.6,1.08,0.941,577"
"2025-08-21T00:00:00.000Z,0,5.18,0.55,0.4,0.8,0.568,371"
"2025-08-22T00:00:00.000Z,0.08,3.17,0.68,0.47,0.9,0.334,374"
"2025-08-23T00:00:00.000Z,0,2.8,0.98,0.55,1.42,0.58,587"
"2025-08-24T00:00:00.000Z,0,8.52,1,0.7,1.34,0.64,592"
"2025-08-25T00:00:00.000Z,0.55,11.13,1.23,1,1.65,0.771,592"
"2025-08-26T00:00:00.000Z,0.5,5.47,1.17,0.95,1.37,0.515,592"
"2025-08-27T00:00:00.000Z,0.63,5.68,1.25,1.1,1.4,0.486,591"
"2025-08-28T00:00:00.000Z,0.9,10.35,1.35,1.2,1.5,0.658,591"
"2025-08-29T00:00:00.000Z,1.27,11.35,2,1.8,2.2,0.56,592"
"2025-08-30T00:00:00.000Z,1.8,4.2,2.4,2.2,2.7,0.337,591"
"2025-08-31T00:00:00.000Z,1.38,4.53,2.17,1.83,2.8,0.57,591"
"2025-09-01T00:00:00.000Z,1.35,5.93,2.25,1.9,2.63,0.579,591"
"2025-09-02T00:00:00.000Z,1.3,6.78,2.4,2.04,2.72,0.582,593"
"2025-09-03T00:00:00.000Z,0.4,6.53,1.3,1,1.8,0.686,592"
"2025-09-04T00:00:00.000Z,0.6,17.8,1.4,1.1,1.7,1.134,592"
"2025-09-05T00:00:00.000Z,0.63,6.65,1.3,1.13,1.52,0.477,464"
"2025-09-06T00:00:00.000Z,1.7,2.08,1.8,1.8,2,0.13,10"
"2025-09-07T00:00:00.000Z,1.95,7.93,3.03,2.7,3.42,0.701,256"
"2025-09-08T00:00:00.000Z,1.35,10.95,2.5,1.98,3.17,0.992,306"
"2025-09-09T00:00:00.000Z,1.6,13.45,2.2,2,2.4,0.628,588"
"2025-09-10T00:00:00.000Z,1.92,7.07,3.47,2.7,4.3,0.901,559"
"2025-09-11T00:00:00.000Z,0.9,7.57,4.3,3.42,5,1.345,587"
"2025-09-12T00:00:00.000Z,0.1,4.28,1.48,0.8,1.73,0.719,593"
"2025-09-13T00:00:00.000Z,0.52,2.85,1.05,0.9,1.3,0.279,593"
"2025-09-14T00:00:00.000Z,0.5,11.95,1.25,1.1,1.4,0.583,593"
"2025-09-15T00:00:00.000Z,1,5.45,1.5,1.3,1.8,0.51,504"
"2025-09-16T00:00:00.000Z,0.5,3.55,1.12,0.95,1.3,0.29,590"
"2025-09-17T00:00:00.000Z,0.5,3.45,1.3,1.1,1.5,0.32,593"
"2025-09-18T00:00:00.000Z,0.3,4.9,0.93,0.8,1.1,0.518,592"
"2025-09-19T00:00:00.000Z,0.4,5.53,1.27,1.02,1.44,0.704,564"
"2025-09-20T00:00:00.000Z,0.03,4.47,0.77,0.5,1.2,0.521,464"
"2025-09-21T00:00:00.000Z,0.2,3.4,1.4,0.93,1.88,0.653,591"
"2025-09-22T00:00:00.000Z,0.2,4.59,1,0.7,1.3,0.498,589"
"2025-09-23T00:00:00.000Z,0.2,6.3,0.85,0.67,1.1,0.595,589"
"2025-09-24T00:00:00.000Z,0.28,15.65,0.9,0.7,1.12,1.047,589"
"2025-09-25T00:00:00.000Z,0.3,6.43,1.1,0.9,1.4,0.664,588"
"2025-09-26T00:00:00.000Z,0.7,5.6,1.33,1.2,1.6,0.431,589"
"2025-09-27T00:00:00.000Z,0.52,2.35,1.1,1,1.27,0.206,589"
"2025-09-28T00:00:00.000Z,0.52,49.45,1,0.88,1.12,2.952,578"
"2025-09-29T00:00:00.000Z,0.56,18.77,1.2,1,1.52,1.208,586"
"2025-09-30T00:00:00.000Z,0.6,8.3,1.3,1.1,1.7,0.883,590"
"2025-10-01T00:00:00.000Z,0.75,6.93,1.39,1.2,1.57,0.673,580"
"2025-10-02T00:00:00.000Z,0.63,5.95,1.25,1.1,1.5,0.588,573"
"2025-10-03T00:00:00.000Z,1.2,64.7,1.7,1.6,1.9,2.809,550"
"2025-10-04T00:00:00.000Z,0.05,3.55,1.38,1,1.55,0.479,588"
"2025-10-05T00:00:00.000Z,0,5.18,0.3,0.2,0.5,0.385,591"
"2025-10-06T00:00:00.000Z,0.15,15.3,1.3,0.6,1.88,1.06,591"
"2025-10-07T00:00:00.000Z,0,8.25,0.5,0.28,1.1,0.722,586"
"2025-10-08T00:00:00.000Z,0.05,23.48,0.9,0.5,1.23,1.237,589"
"2025-10-09T00:00:00.000Z,0.03,46.6,1.02,0.7,1.65,2.374,508"
"2025-10-10T00:00:00.000Z,0.03,20.05,0.93,0.5,1.42,1.467,568"
"2025-10-11T00:00:00.000Z,0.17,6.2,1.1,0.8,1.44,0.679,593"
"2025-10-12T00:00:00.000Z,0.15,6.55,0.93,0.68,1.23,0.601,584"
"2025-10-13T00:00:00.000Z,0,27.15,0.65,0.4,0.9,1.195,593"
"2025-10-14T00:00:00.000Z,0,9.44,0.95,0.68,1.4,0.697,586"
"2025-10-15T00:00:00.000Z,0,4.65,0.63,0.3,1.33,0.957,588"
"2025-10-16T00:00:00.000Z,0.03,17.35,0.73,0.55,1,0.945,506"
"2025-10-17T00:00:00.000Z,0.15,3.25,0.75,0.6,0.95,0.367,590"
"2025-10-18T00:00:00.000Z,0,1.83,0.6,0.45,0.85,0.305,589"
"2025-10-19T00:00:00.000Z,0.03,15.98,0.5,0.3,0.63,0.721,594"
"2025-10-20T00:00:00.000Z,0.13,7.53,1.38,0.9,1.82,0.765,592"
"2025-10-21T00:00:00.000Z,0.2,7.75,1,0.75,1.25,0.505,593"
"2025-10-22T00:00:00.000Z,0.08,20.58,1.32,0.7,1.83,1.344,592"
"2025-10-23T00:00:00.000Z,0.2,6.15,1.4,0.9,1.6,0.687,594"
"2025-10-24T00:00:00.000Z,0.1,5.05,0.8,0.6,1.3,0.673,594"
"2025-10-25T00:00:00.000Z,0,24.55,0.2,0.05,0.43,1.165,589"
"2025-10-26T00:00:00.000Z,0,3.35,0.38,0.17,0.68,0.388,595"
"2025-10-27T00:00:00.000Z,0,23.83,0.3,0.2,0.74,2.24,589"
"2025-10-28T00:00:00.000Z,0,28.1,0.5,0.3,0.8,1.673,594"
"2025-10-29T00:00:00.000Z,0,40.54,0.35,0.15,0.7,3.015,593"
"2025-10-30T00:00:00.000Z,0.1,14.95,1.2,0.6,1.73,1.361,593"
"2025-10-31T00:00:00.000Z,0.1,13.82,1.12,0.65,1.6,1.292,593"
"2025-11-01T00:00:00.000Z,0,42.1,0.56,0.4,0.73,2.983,593"
"2025-11-02T00:00:00.000Z,0,3.55,0.4,0.25,0.8,0.469,594"
"2025-11-03T00:00:00.000Z,0,24.6,0.5,0.3,0.7,1.128,592"
"2025-11-04T00:00:00.000Z,0.13,47.75,0.7,0.49,1.4,2.996,592"
"2025-11-05T00:00:00.000Z,0,28.55,1.05,0.6,1.6,2.545,593"
"2025-11-06T00:00:00.000Z,0,24.67,0.45,0.28,0.7,1.912,593"
"2025-11-07T00:00:00.000Z,0.1,11.15,1,0.68,1.37,0.938,593"
"2025-11-08T00:00:00.000Z,0.2,4.22,1.02,0.7,1.4,0.481,594"
"2025-11-09T00:00:00.000Z,0.3,24.38,1.08,0.9,1.33,1.169,591"
"2025-11-10T00:00:00.000Z,0.28,18.95,1.23,0.85,1.75,1.509,591"
"2025-11-11T00:00:00.000Z,0.3,19.8,1.7,1.1,2.22,1.646,594"
"2025-11-12T00:00:00.000Z,0.03,12.88,1.5,1,1.94,1.197,593"
"2025-11-13T00:00:00.000Z,0.03,6.8,0.5,0.35,0.7,0.671,334"
